{
  "numeric": {
    "Laser Power (W)": {
      "count": 1579,
      "min": 30.0,
      "max": 950.0,
      "mean": 236.92716909436353,
      "std": 121.5293382705811,
      "median": 200.0,
      "q1": 150.0,
      "q3": 305.0,
      "p5": 90.0,
      "p95": 440.0
    },
    "Scan Speed (mm/s)": {
      "count": 1579,
      "min": 18.76,
      "max": 10000.0,
      "mean": 928.191288307323,
      "std": 580.1337397090055,
      "median": 800.0,
      "q1": 600.0,
      "q3": 1200.0,
      "p5": 217.3684210526317,
      "p95": 1855.9999999999854
    },
    "Hatch space (mm)": {
      "count": 1579,
      "min": 0.018,
      "max": 0.8,
      "mean": 0.10461587205434973,
      "std": 0.062043498212836716,
      "median": 0.1,
      "q1": 0.08,
      "q3": 0.12,
      "p5": 0.05,
      "p95": 0.16
    },
    "Layer thickness (mm)": {
      "count": 1579,
      "min": 0.02,
      "max": 0.46,
      "mean": 0.03951614946168461,
      "std": 0.033946076098753476,
      "median": 0.03,
      "q1": 0.03,
      "q3": 0.04,
      "p5": 0.025,
      "p95": 0.06
    },
    "Spot size (mm)": {
      "count": 1579,
      "min": 0.025,
      "max": 0.4,
      "mean": 0.10477709309689678,
      "std": 0.0807435876571939,
      "median": 0.08,
      "q1": 0.07,
      "q3": 0.1,
      "p5": 0.05,
      "p95": 0.4
    },
    "D50 \u03bcm": {
      "count": 1579,
      "min": 14.63,
      "max": 68.0,
      "mean": 32.45281084914794,
      "std": 7.172916961097559,
      "median": 31.06041,
      "q1": 28.85,
      "q3": 36.69,
      "p5": 22.5,
      "p95": 42.02199999999998
    },
    "Melting Point (K)": {
      "count": 1579,
      "min": 853.15,
      "max": 1905.15,
      "mean": 1474.8968271057631,
      "std": 358.2774893262537,
      "median": 1660.65,
      "q1": 1354.13,
      "q3": 1686.15,
      "p5": 853.15,
      "p95": 1905.15
    },
    "Thermal Conductivity (W/mK)": {
      "count": 1579,
      "min": 6.7,
      "max": 323.0,
      "mean": 70.17162761241292,
      "std": 93.67919583621702,
      "median": 14.95,
      "q1": 11.4,
      "q3": 140.0,
      "p5": 6.7,
      "p95": 323.0
    },
    "Density (g/cm^3)": {
      "count": 1579,
      "min": 2.7,
      "max": 8.94,
      "mean": 6.480886637112096,
      "std": 2.3766509649225314,
      "median": 8.0,
      "q1": 4.43,
      "q3": 8.0,
      "p5": 2.7,
      "p95": 8.94
    },
    "Specific Heat Capacity (J/kgK)": {
      "count": 1579,
      "min": 383.0,
      "max": 915.0,
      "mean": 562.0424952501584,
      "std": 194.0226811747697,
      "median": 500.0,
      "q1": 425.0,
      "q3": 526.3,
      "p5": 383.0,
      "p95": 915.0
    }
  },
  "categorical": {
    "Material": {
      "values": [
        "316L",
        "IN718",
        "Ti6Al4V",
        "CuCrZr",
        "AlSi10Mg",
        "18Ni300"
      ],
      "counts": {
        "316L": 358,
        "AlSi10Mg": 353,
        "18Ni300": 292,
        "IN718": 241,
        "Ti6Al4V": 197,
        "CuCrZr": 138
      },
      "n_unique": 6
    },
    "Density Measurement Method": {
      "values": [
        "Image analysis",
        "Other",
        "Archimedes method"
      ],
      "counts": {
        "Archimedes method": 1102,
        "Image analysis": 437,
        "Other": 40
      },
      "n_unique": 3
    },
    "Atmosphere": {
      "values": [
        "Argon",
        "NI",
        "Nitrogen"
      ],
      "counts": {
        "Argon": 855,
        "Nitrogen": 428,
        "NI": 296
      },
      "n_unique": 3
    },
    "Printer Model": {
      "values": [
        "SDE",
        "Renishaw AM125",
        "EP-M100T",
        "REALIZER SLM 100",
        "BLT-S200",
        "SLM-250HL\u00a0",
        "AFS-M120",
        "SLM-280HL",
        "MYSINT100",
        "FS271M",
        "Renishaw AM400",
        "D280",
        "DiMetal-100",
        "Mlab Concept Laser",
        "SLM-125HL",
        "Renishaw AM250",
        "ProX DMP 200",
        "ProtoFab SLM 150",
        "EOS M280",
        "EOS M270",
        "Lumex Avance 25",
        "EOS M290",
        "ProX DMP 320",
        "SLM 280HL",
        "DiMetal-280",
        "ProX 100TM",
        "EnaVision SLM",
        "SLM-250HL",
        "EP-M150",
        "TruPrint 1000",
        "TruPint 3000",
        "XDM250",
        "EOS M250",
        "\u00a0EOS\u00a0M290",
        "EP-M250",
        "Concept Laser X Line 1000",
        "Concept Laser M1",
        "Renishaw AM400\u00a0",
        "SLM 125HL",
        "AconityLAB",
        "\u00a0Concept Laser M2 Cusing",
        "SLM M280",
        "Dimetal-300",
        "M2 Laser Cusing\u00a0",
        "HBD-280",
        "\u00a0SLM-125HL",
        "HBD-150",
        "LUMEX Avance-25",
        "Concept Laser M2 Multilaser Cusing",
        "Concept Laser M2 Series 5",
        "DMP Flex350GF"
      ],
      "counts": {
        "EOS M280": 140,
        "SDE": 121,
        "EOS M290": 121,
        "SLM 125HL": 92,
        "SLM-125HL": 89,
        "EP-M250": 83,
        "DiMetal-100": 57,
        "SLM 280HL": 57,
        "D280": 54,
        "Mlab Concept Laser": 42,
        "M2 Laser Cusing\u00a0": 42,
        "Renishaw AM250": 36,
        "ProX DMP 200": 30,
        "Concept Laser M2 Multilaser Cusing": 30,
        "SLM M280": 30,
        "Concept Laser X Line 1000": 28,
        "LUMEX Avance-25": 28,
        "SLM-280HL": 27,
        "Renishaw AM400": 27,
        "\u00a0Concept Laser M2 Cusing": 27,
        "ProtoFab SLM 150": 25,
        "DMP Flex350GF": 25,
        "\u00a0EOS\u00a0M290": 24,
        "Concept Laser M1": 23,
        "FS271M": 22,
        "EP-M100T": 22,
        "EOS M270": 20,
        "HBD-280": 20,
        "XDM250": 20,
        "AconityLAB": 18,
        "HBD-150": 18,
        "ProX 100TM": 17,
        "EP-M150": 16,
        "Concept Laser M2 Series 5": 16,
        "DiMetal-280": 16,
        "EOS M250": 16,
        "TruPrint 1000": 16,
        "\u00a0SLM-125HL": 15,
        "SLM-250HL": 13,
        "EnaVision SLM": 9,
        "Renishaw AM125": 9,
        "BLT-S200": 7,
        "Dimetal-300": 6,
        "REALIZER SLM 100": 5,
        "SLM-250HL\u00a0": 4,
        "MYSINT100": 4,
        "AFS-M120": 3,
        "ProX DMP 320": 3,
        "TruPint 3000": 3,
        "Renishaw AM400\u00a0": 2,
        "Lumex Avance 25": 1
      },
      "n_unique": 51
    }
  },
  "target": {
    "column": "RD (%)",
    "min": 34.83920000000001,
    "max": 100.0,
    "mean": 96.30264340508924,
    "std": 5.483661490284815
  }
}